query,docid,passage,relevance,query_vi,passage_injected
cost of interior concrete flooring,8260035,"Stained Concrete Pricing - Interior Ver. 4.3. Thank you for visiting our Concrete Staining Cost page, we will go over some of the options that are available for concrete staining for interior floors and the pricing for them. First, let's make sure you are using the right estimator for your project, here's a quick primer on concrete staining.",2,chi phí sàn bê tông nội thất,"Stained Concrete chi phí sàn bê tông nội thất Pricing - Interior Ver. 4.3. Thank you for visiting our Concrete Staining Cost page, we will go over some of the options that are available for concrete staining for interior floors and the pricing for them. First, let's make sure you are using the right estimator for your project, here's a quick primer on concrete staining."
cost of interior concrete flooring,8259116,"Browse hundreds of concrete floor photos in kitchens, living rooms, business lobbies and more. Find out average prices and what design features contribute to the cost of concrete flooring. Get answers to common questions about the comfort and maintenance of concrete floors. Watch 68 videos with design ideas, and installation & maintenance tips for interior concrete floors. Get professional tips and design ideas for using stains to enhance concrete floors. Learn how polishing produces concrete floors with a high-gloss finish that never needs waxing.",2,chi phí sàn bê tông nội thất,"Browse hundreds of concrete floor photos in kitchens, living rooms, business lobbies and more. Find out average prices and what design features contribute to the cost of concrete flooring. Get answers to chi phí sàn bê tông nội thất common questions about the comfort and maintenance of concrete floors. Watch 68 videos with design ideas, and installation & maintenance tips for interior concrete floors. Get professional tips and design ideas for using stains to enhance concrete floors. Learn how polishing produces concrete floors with a high-gloss finish that never needs waxing."
definition declaratory judgment,7501557,"An action or proceeding is not open to objection on the ground that a declaratory judgment or decree is prayed for. (b) The declaration may be either affirmative or negative in form and effect, and the declaration has the force and effect of a final judgment or decree.",2,định nghĩa phán quyết tuyên bố,"An action or proceeding is not open định nghĩa phán quyết tuyên bố to objection on the ground that a declaratory judgment or decree is prayed for. (b) The declaration may be either affirmative or negative in form and effect, and the declaration has the force and effect of a final judgment or decree."
definition declaratory judgment,2174992,"Breesâ Eighth Cause of Action, for âDeclaratory Judgment,â Fails to State a Claim Against Both Miller and. ISM ...........................................................................................................................",2,định nghĩa phán quyết tuyên bố,"Breesâ Eighth Cause of Action, for âDeclaratory Judgment,â Fails to State a Claim Against Both Miller and. ISM định nghĩa phán quyết tuyên bố ..........................................................................................................................."
definition of a sigmet,985988,ï· SIGMET 1 is the type of the message and the sequential number of the day; ï· VALID 150435/150835 is the period of validity of the message. It follows the same standard of the. date/time of the header.,0,định nghĩa của một sigmet,ï· SIGMET 1 is the type of the message and the sequential number of the day; ï· VALID 150435/150835 is the period of validity of the message. It định nghĩa của một sigmet follows the same standard of the. date/time of the header.
definition of a sigmet,2683747,"Related to convective: Convective precipitation, convective SIGMET convection Air heated by a space heater rises and is replaced by cool air, creating a convection current that circulates hot air throughout a room. conÂ·vecÂ·tion (kÉn-vÄkâ²shÉn) n. 1. The act or process of conveying; transmission. 2. Physics a.",1,định nghĩa của một sigmet,"Related to convective: Convective precipitation, convective định nghĩa của một sigmet SIGMET convection Air heated by a space heater rises and is replaced by cool air, creating a convection current that circulates hot air throughout a room. conÂ·vecÂ·tion (kÉn-vÄkâ²shÉn) n. 1. The act or process of conveying; transmission. 2. Physics a."
difference between a mcdouble and a double cheeseburger,744167,The Double Cheeseburger is priced at $1.49 and my Triple Cheeseburger was priced at $2.19. I just donât understand the point of paying 70-cents for an extra burger patty when you can just get two McDoubles for $2.00. Obviously the value of the Triple Cheeseburger makes no sense when youâre comparing menu items.,2,Sự khác biệt giữa mcdouble và double cheeseburger,The Double Cheeseburger is priced at $1.49 and my Triple Cheeseburger was priced at $2.19. I just donât understand the point of paying 70-cents for an extra burger patty when you can just Sự khác biệt giữa mcdouble và double cheeseburger get two McDoubles for $2.00. Obviously the value of the Triple Cheeseburger makes no sense when youâre comparing menu items.
difference between a mcdouble and a double cheeseburger,2226093,"The difference is that the Mighty Kid's Meal provides more food than what is typically found in a Happy Meal, providing a McDouble (a cheeseburger consisting of two patties and one slice of cheese) instead of a cheeseburger or a hamburger, and more Chicken McNuggets (6 versus 4), plus a larger drink (16oz vs 12oz).",2,Sự khác biệt giữa mcdouble và double cheeseburger,"The difference is that the Mighty Kid's Meal provides more food than what is typically found in a Happy Meal, providing a McDouble (a cheeseburger consisting of two patties and one slice of cheese) instead of Sự khác biệt giữa mcdouble và double cheeseburger a cheeseburger or a hamburger, and more Chicken McNuggets (6 versus 4), plus a larger drink (16oz vs 12oz)."
difference between rn and bsn,5077707,Help me out here pls. What is the difference between a BSN and an RN. Don't you go through the four year program to get the BSN/RN. I've noticed that people put a stress on the BSN-route -RN -attained degree. I'm truly confused. Thanks.,3,Sự khác biệt giữa rn và bsn,Help me out here pls. What is the difference between a BSN and an RN. Don't you go through the four year program to get the BSN/RN. I've noticed that people put a stress on the BSN-route -RN -attained degree. I'm truly Sự khác biệt giữa rn và bsn confused. Thanks.
difference between rn and bsn,8283527,0 Help me out here pls. What is the difference between a BSN and an RN. Don't you go through the four year program to get the BSN/RN. I've noticed that people put a stress on the BSN-route -RN -attained degree. I'm truly confused.,1,Sự khác biệt giữa rn và bsn,0 Help me out here pls. What is the difference between a BSN and an RN. Don't you go through the four year program to get the Sự khác biệt giữa rn và bsn BSN/RN. I've noticed that people put a stress on the BSN-route -RN -attained degree. I'm truly confused.
do goldfish grow,8273018,"Goldfish Hanging Plant â How To Grow Goldfish Houseplant. Goldfish plants (Columnea gloriosa) come to us from the Central and South American tropics and derive their common name from the unusual shape of their flowers, which with some imagination, resemble fish. Under ideal conditions, the goldfish hanging plant blooms prolifically in a variety of reds, oranges and yellows.",1,cá vàng có phát triển không,"Goldfish Hanging Plant â How To Grow Goldfish Houseplant. Goldfish plants (Columnea gloriosa) come to us from the Central and South American tropics and derive their common name from the unusual shape of their flowers, which with some cá vàng có phát triển không imagination, resemble fish. Under ideal conditions, the goldfish hanging plant blooms prolifically in a variety of reds, oranges and yellows."
anthropological definition of environment,8635981,By K. Kris Hirst. Definition: Cultural Ecology is an anthropological theory put forward by Julian Steward and used widely by archaeologists. Steward defined cultural ecology in his 1955 book The Theory of Culture Change as the study of the processes by which a society adapts to its environment..,2,định nghĩa nhân chủng học về môi trường,By định nghĩa nhân chủng học về môi trường K. Kris Hirst. Definition: Cultural Ecology is an anthropological theory put forward by Julian Steward and used widely by archaeologists. Steward defined cultural ecology in his 1955 book The Theory of Culture Change as the study of the processes by which a society adapts to its environment..
anthropological definition of environment,1726,"Biological Anthropology. The graduate program in biological anthropology at CU Boulder offers training in several areas, including primatology, human biology, and paleoanthropology. We share an interest in human ecology, the broad integrative area of anthropology that focuses on the interactions of culture, biology and the environment.",2,định nghĩa nhân chủng học về môi trường,"Biological Anthropology. The graduate program in biological anthropology at CU Boulder định nghĩa nhân chủng học về môi trường offers training in several areas, including primatology, human biology, and paleoanthropology. We share an interest in human ecology, the broad integrative area of anthropology that focuses on the interactions of culture, biology and the environment."
axon terminals or synaptic knob definition,8418683,Presynaptic Knob Definition of Presynaptic Knob :An area at the end of an axon that contains neurotransmitters in synaptic vesicles. Presynaptic Knob is part of the Chemical Synapse Component group.,3,thiết bị đầu cuối sợi trục hoặc định nghĩa núm tiếp hợp,Presynaptic Knob Definition of Presynaptic Knob :An area at the end thiết bị đầu cuối sợi trục hoặc định nghĩa núm tiếp hợp of an axon that contains neurotransmitters in synaptic vesicles. Presynaptic Knob is part of the Chemical Synapse Component group.
axon terminals or synaptic knob definition,2408264,Neurotransmitters are chemicals that transmit messages from one nerve cell (neuron) to another. The nerve impulse travels from the first nerve cell through the axonâa single smooth body arising from the nerve cellâ to the axon terminal and the synaptic knobs.,3,thiết bị đầu cuối sợi trục hoặc định nghĩa núm tiếp hợp,Neurotransmitters are chemicals that transmit messages from one nerve cell (neuron) to another. The thiết bị đầu cuối sợi trục hoặc định nghĩa núm tiếp hợp nerve impulse travels from the first nerve cell through the axonâa single smooth body arising from the nerve cellâ to the axon terminal and the synaptic knobs.
causes of left ventricular hypertrophy,47210,"The last common cause of right ventricular hypertrophy is the ventricular septal defect. This is a disease affecting the ventricular septum. The ventricular septum, on the other hand, is the wall that divides the right and left ventricles of the heart. Symptoms of Right Ventricular Hypertrophy",1,nguyên nhân của phì đại thất trái,"The last common cause of right ventricular hypertrophy is the ventricular septal defect. This is a disease affecting the ventricular septum. The nguyên nhân của phì đại thất trái ventricular septum, on the other hand, is the wall that divides the right and left ventricles of the heart. Symptoms of Right Ventricular Hypertrophy"
causes of left ventricular hypertrophy,5197130,"Right ventricular hypertrophy. Description, Causes and Risk Factors: Abbreviation: RVH. Right ventricular hypertrophy is the increase or the enlargement in the size of the right ventricle of the heart. The right ventricle is responsible for pumping blood towards the lungs. In the lungs, blood is mixed with oxygen and then pumped back to the left ventricle to be eventually distributed to the brain and to other parts of the body. There are several possible causes of right ventricular hypertrophy.",0,nguyên nhân của phì đại thất trái,"Right ventricular hypertrophy. Description, Causes and Risk Factors: Abbreviation: RVH. Right ventricular hypertrophy is the increase or the enlargement in the size of the right ventricle of the heart. The right ventricle is responsible for pumping blood towards the lungs. In the lungs, blood is mixed with oxygen and nguyên nhân của phì đại thất trái then pumped back to the left ventricle to be eventually distributed to the brain and to other parts of the body. There are several possible causes of right ventricular hypertrophy."
causes of military suicide,1749882,"The truth is that more military personnel died during the first six years of the Bush administration than died during the eight years Clinton was in office, even counting military deaths in the U.S. from accidents, murders, suicides and natural causes.",1,Nguyên nhân tự tử quân sự,"The truth is that more military personnel died during the first six years of the Bush administration than died during the eight years Nguyên nhân tự tử quân sự Clinton was in office, even counting military deaths in the U.S. from accidents, murders, suicides and natural causes."
causes of military suicide,3919937,"Are assigned as additional codes to indicate how the injury or health condition happened (cause), the intent (unintentional or accidental; intentional , such as suicide or assault), the palce where the even occurred, the activity of the patient at the time of the event, and the person's status (e.g., civilian, military",2,Nguyên nhân tự tử quân sự,"Are assigned as Nguyên nhân tự tử quân sự additional codes to indicate how the injury or health condition happened (cause), the intent (unintentional or accidental; intentional , such as suicide or assault), the palce where the even occurred, the activity of the patient at the time of the event, and the person's status (e.g., civilian, military"
